Job_Title,Company,Location
Senior Python Developer,Vasquez-Davidson,"Christopherville, AA"
Energy engineer,Garcia PLC,"Ericberg, AE"
Legal executive,Smith and Sons,"South Davidtown, AP"
Fitness centre manager,"Davis, Serrano and Cook","South Tammyberg, AP"
Product manager,Pierce-Long,"Herbertside, AA"
Medical technical officer,"Morgan, Butler and Bennett","Loribury, AA"
Physiological scientist,Dixon Inc,"Wrightberg, AP"
Textile designer,Taylor PLC,"Gileston, AA"
Television floor manager,Garcia PLC,"Joybury, AE"
Waste management officer,Martinez-Berry,"New Jeffrey, AP"
Software Engineer (Python),Stanley-Frederick,"Stevensland, AP"
Interpreter,Kramer-Klein,"South Christopher, AE"
Architect,Salazar-Meyers,"Williamsburgh, AE"
Meteorologist,"Manning, Welch and Herring","Laurenland, AE"
Audiological scientist,Thomas Group,"Port Robertfurt, AA"
English as a second language teacher,Gonzalez LLC,"Colehaven, AP"
Surgeon,Savage-Bradley,"East Seanview, AP"
Equities trader,Ramirez Inc,"North Jamieview, AP"
Newspaper journalist,Hughes-Williams,"Osbornetown, AE"
Materials engineer,Gonzales-Frank,"Arnoldhaven, AE"
Python Programmer (Entry-Level),"Payne, Roberts and Davis","Stewartbury, AA"
"Scientist, research (maths)",Adams-Brewer,"Brockburgh, AE"
Ecologist,Rivera and Sons,"East Michaelfort, AA"
Materials engineer,Stewart-Alexander,"South Kimberly, AA"
Data scientist,"Jackson, Ali and Mckee","New Elizabethside, AA"
Psychiatrist,Collins Group,"New Elizabethtown, AA"
Structural engineer,Moreno-Rodriguez,"Martinezburgh, AE"
Immigration officer,"Payne, Roberts and Davis","Stewartbury, AA"
Python Programmer (Entry-Level),Vasquez-Davidson,"Christopherville, AA"
Neurosurgeon,"Jackson, Chambers and Levy","Port Ericaburgh, AA"
Broadcast engineer,Savage-Bradley,"East Seanview, AP"
Make,Ramirez Inc,"North Jamieview, AP"
"Nurse, adult",Rogers-Yates,"Davidville, AP"
Air broker,Kramer-Klein,"South Christopher, AE"
"Production assistant, radio",Meyers-Johnson,"Port Jonathan, AE"
"Engineer, communications",Hughes-Williams,"Osbornetown, AE"
Sales executive,"Jones, Williams and Villa","Scotttown, AP"
Software Developer (Python),Garcia PLC,"Ericberg, AE"
Futures trader,Gregory and Sons,"Ramireztown, AE"
Tour manager,"Clark, Garcia and Sosa","Figueroaview, AA"
Cytogeneticist,Bush PLC,"Kelseystad, AA"
"Designer, multimedia",Salazar-Meyers,"Williamsburgh, AE"
Trade union research officer,"Parker, Murphy and Brooks","Mitchellburgh, AE"
"Chemist, analytical",Cruz-Brown,"West Jessicabury, AA"
"Programmer, multimedia",Macdonald-Ferguson,"Maloneshire, AE"
"Engineer, broadcasting (operations)","Williams, Peterson and Rojas","Johnsonton, AA"
"Teacher, primary school",Smith and Sons,"South Davidtown, AP"
Python Developer,"Moss, Duncan and Allen","Port Sara, AE"
Manufacturing systems engineer,"Manning, Welch and Herring","Laurenland, AE"
"Scientist, forensic","Lee, Gutierrez and Brown","Lauraton, AP"
Bonds trader,"Davis, Serrano and Cook","South Tammyberg, AP"
Editorial assistant,Thomas Group,"Port Robertfurt, AA"
Photographer,Silva-King,"Burnettbury, AE"
Retail banker,Pierce-Long,"Herbertside, AA"
Jewellery designer,Walker-Simpson,"Christopherport, AP"
Ophthalmologist,Cooper and Sons,"West Victor, AE"
"Back-End Web Developer (Python, Django)","Donovan, Gonzalez and Figueroa","Port Aaron, AP"
Licensed conveyancer,"Morgan, Butler and Bennett","Loribury, AA"
Futures trader,Snyder-Lee,"Angelastad, AP"
Counselling psychologist,Harris PLC,"Larrytown, AE"
Insurance underwriter,Washington PLC,"West Colin, AP"
"Engineer, automotive",Mcgee PLC,"Laurentown, AP"
"Producer, radio",Dixon Inc,"Wrightberg, AP"
Dispensing optician,"Thompson, Sheppard and Ward","Alberttown, AE"
Chartered loss adjuster,Adams-Brewer,"Brockburgh, AE"
"Back-End Web Developer (Python, Django)",Schneider-Brady,"North Jason, AE"
Clinical cytogeneticist,Gonzales-Frank,"Arnoldhaven, AE"
Print production planner,Smith-Wong,"Lake Destiny, AP"
Systems developer,Pierce-Herrera,"South Timothyburgh, AP"
Graphic designer,"Aguilar, Rivera and Quinn","New Jimmyton, AE"
Writer,"Lowe, Barnes and Thomas","New Lucasbury, AP"
Field seismologist,"Lewis, Gonzalez and Vasquez","Port Cory, AE"
Chief Strategy Officer,Taylor PLC,"Gileston, AA"
Air cabin crew,"Oliver, Jones and Ramirez","Cindyshire, AA"
Python Programmer (Entry-Level),Rivera and Sons,"East Michaelfort, AA"
Sports therapist,Garcia PLC,"Joybury, AE"
Arts development officer,Gonzalez LLC,"Colehaven, AP"
Printmaker,"Morgan, White and Macdonald","Port Coryton, AE"
Health and safety adviser,Robinson-Fitzpatrick,"Amyborough, AA"
Manufacturing systems engineer,"Waters, Wilson and Hoover","Reynoldsville, AA"
"Programmer, applications",Hill LLC,"Port Billy, AP"
Medical physicist,Li-Gregory,"Adamburgh, AA"
Media planner,"Fisher, Ryan and Coleman","Wilsonmouth, AA"
Software Developer (Python),Stewart-Alexander,"South Kimberly, AA"
Legal executive,Abbott and Sons,"Benjaminland, AP"
"Librarian, academic","Bryant, Santana and Davenport","Zacharyport, AA"
Barrister,Smith PLC,"Port Devonville, AE"
"Radiographer, diagnostic",Patterson-Singh,"East Thomas, AE"
Database administrator,Martinez-Berry,"New Jeffrey, AP"
Furniture designer,"May, Taylor and Fisher","Davidside, AA"
Ship broker,"Bailey, Owen and Thompson","Jamesville, AA"
